expiry,option_type,strike,bid,ask,last,volume,openInterest,mid_price,mid_price_source
2026-06-24,call,225.0,0.0,0.0,74.65,4.0,0,74.65,last_price_fallback
2026-06-24,call,230.0,0.0,0.0,61.51,,0,61.51,last_price_fallback
2026-06-24,call,235.0,0.0,0.0,64.94,2.0,0,64.94,last_price_fallback
2026-06-24,call,245.0,0.0,0.0,46.01,,0,46.01,last_price_fallback
2026-06-24,call,250.0,0.0,0.0,49.0,1.0,0,49.0,last_price_fallback
2026-06-24,call,255.0,0.0,0.0,36.87,,0,36.87,last_price_fallback
2026-06-24,call,257.5,0.0,0.0,34.42,,0,34.42,last_price_fallback
2026-06-24,call,260.0,0.0,0.0,38.82,2.0,0,38.82,last_price_fallback
2026-06-24,call,265.0,0.0,0.0,34.8,1.0,0,34.8,last_price_fallback
2026-06-24,call,267.5,0.0,0.0,27.89,1.0,0,27.89,last_price_fallback
2026-06-24,call,270.0,0.0,0.0,29.16,1.0,0,29.16,last_price_fallback
2026-06-24,call,272.5,0.0,0.0,23.92,,0,23.92,last_price_fallback
2026-06-24,call,275.0,0.0,0.0,24.14,2.0,0,24.14,last_price_fallback
2026-06-24,call,277.5,0.0,0.0,21.34,52.0,0,21.34,last_price_fallback
2026-06-24,call,280.0,0.0,0.0,19.2,9.0,0,19.2,last_price_fallback
2026-06-24,call,282.5,0.0,0.0,18.34,35.0,0,18.34,last_price_fallback
2026-06-24,call,285.0,0.0,0.0,12.4,170.0,0,12.4,last_price_fallback
2026-06-24,call,287.5,0.0,0.0,11.5,106.0,0,11.5,last_price_fallback
2026-06-24,call,290.0,0.0,0.0,8.0,309.0,0,8.0,last_price_fallback
2026-06-24,call,292.5,0.0,0.0,5.45,133.0,0,5.45,last_price_fallback
2026-06-24,call,295.0,0.0,0.0,3.5,1070.0,0,3.5,last_price_fallback
2026-06-24,call,297.5,0.0,0.0,2.2,5004.0,0,2.2,last_price_fallback
2026-06-24,call,300.0,0.0,0.0,1.16,12311.0,0,1.16,last_price_fallback
2026-06-24,call,302.5,0.0,0.0,0.64,16148.0,0,0.64,last_price_fallback
2026-06-24,call,305.0,0.0,0.0,0.3,8574.0,0,0.3,last_price_fallback
2026-06-24,call,307.5,0.0,0.0,0.15,4705.0,0,0.15,last_price_fallback
2026-06-24,call,310.0,0.0,0.0,0.06,4917.0,0,0.06,last_price_fallback
2026-06-24,call,312.5,0.0,0.0,0.05,1336.0,0,0.05,last_price_fallback
2026-06-24,call,315.0,0.0,0.0,0.02,1501.0,0,0.02,last_price_fallback
2026-06-24,call,317.5,0.0,0.0,0.02,202.0,0,0.02,last_price_fallback
2026-06-24,call,320.0,0.0,0.0,0.01,519.0,0,0.01,last_price_fallback
2026-06-24,call,322.5,0.0,0.0,0.01,52.0,0,0.01,last_price_fallback
2026-06-24,call,325.0,0.0,0.0,0.02,95.0,0,0.02,last_price_fallback
2026-06-24,call,330.0,0.0,0.0,0.08,34.0,0,0.08,last_price_fallback
2026-06-24,call,335.0,0.0,0.0,0.01,4.0,0,0.01,last_price_fallback
2026-06-24,call,340.0,0.0,0.0,0.01,4.0,0,0.01,last_price_fallback
2026-06-24,call,350.0,0.0,0.0,0.05,1.0,0,0.05,last_price_fallback
2026-06-24,call,355.0,0.0,0.0,0.75,1.0,0,0.75,last_price_fallback
2026-06-24,call,360.0,0.0,0.0,0.44,,0,0.44,last_price_fallback
2026-06-24,call,370.0,0.0,0.0,0.03,,0,0.03,last_price_fallback
2026-06-24,put,225.0,0.0,0.0,0.01,1.0,0,0.01,last_price_fallback
2026-06-24,put,230.0,0.0,0.0,0.12,,0,0.12,last_price_fallback
2026-06-24,put,235.0,0.0,0.0,0.11,,0,0.11,last_price_fallback
2026-06-24,put,240.0,0.0,0.0,0.01,10.0,0,0.01,last_price_fallback
2026-06-24,put,245.0,0.0,0.0,0.01,2.0,0,0.01,last_price_fallback
2026-06-24,put,250.0,0.0,0.0,0.02,61.0,0,0.02,last_price_fallback
2026-06-24,put,255.0,0.0,0.0,0.05,7.0,0,0.05,last_price_fallback
2026-06-24,put,257.5,0.0,0.0,0.03,1.0,0,0.03,last_price_fallback
2026-06-24,put,260.0,0.0,0.0,0.04,47.0,0,0.04,last_price_fallback
2026-06-24,put,262.5,0.0,0.0,0.01,13.0,0,0.01,last_price_fallback
2026-06-24,put,265.0,0.0,0.0,0.05,19.0,0,0.05,last_price_fallback
2026-06-24,put,267.5,0.0,0.0,0.02,6.0,0,0.02,last_price_fallback
2026-06-24,put,270.0,0.0,0.0,0.03,30.0,0,0.03,last_price_fallback
2026-06-24,put,272.5,0.0,0.0,0.03,24.0,0,0.03,last_price_fallback
2026-06-24,put,275.0,0.0,0.0,0.04,93.0,0,0.04,last_price_fallback
2026-06-24,put,277.5,0.0,0.0,0.05,43.0,0,0.05,last_price_fallback
2026-06-24,put,280.0,0.0,0.0,0.08,141.0,0,0.08,last_price_fallback
2026-06-24,put,282.5,0.0,0.0,0.1,328.0,0,0.1,last_price_fallback
2026-06-24,put,285.0,0.0,0.0,0.16,488.0,0,0.16,last_price_fallback
2026-06-24,put,287.5,0.0,0.0,0.26,2182.0,0,0.26,last_price_fallback
2026-06-24,put,290.0,0.0,0.0,0.47,19822.0,0,0.47,last_price_fallback
2026-06-24,put,292.5,0.0,0.0,0.83,3567.0,0,0.83,last_price_fallback
2026-06-24,put,295.0,0.0,0.0,1.5,16959.0,0,1.5,last_price_fallback
2026-06-24,put,297.5,0.0,0.0,2.62,14640.0,0,2.62,last_price_fallback
2026-06-24,put,300.0,0.0,0.0,4.18,9574.0,0,4.18,last_price_fallback
2026-06-24,put,302.5,0.0,0.0,6.2,1222.0,0,6.2,last_price_fallback
2026-06-24,put,305.0,0.0,0.0,8.24,190.0,0,8.24,last_price_fallback
2026-06-24,put,307.5,0.0,0.0,10.55,29.0,0,10.55,last_price_fallback
2026-06-24,put,310.0,0.0,0.0,12.7,35.0,0,12.7,last_price_fallback
2026-06-24,put,312.5,0.0,0.0,15.13,182.0,0,15.13,last_price_fallback
2026-06-24,put,315.0,0.0,0.0,17.63,11.0,0,17.63,last_price_fallback
2026-06-24,put,317.5,0.0,0.0,18.6,2.0,0,18.6,last_price_fallback
2026-06-26,call,110.0,0.0,0.0,199.64,3.0,0,199.64,last_price_fallback
2026-06-26,call,150.0,0.0,0.0,149.29,6.0,0,149.29,last_price_fallback
2026-06-26,call,175.0,0.0,0.0,121.01,1.0,0,121.01,last_price_fallback
2026-06-26,call,185.0,0.0,0.0,109.61,1.0,0,109.61,last_price_fallback
2026-06-26,call,190.0,0.0,0.0,104.74,1.0,0,104.74,last_price_fallback
2026-06-26,call,195.0,0.0,0.0,104.36,2.0,0,104.36,last_price_fallback
2026-06-26,call,200.0,0.0,0.0,99.38,3.0,0,99.38,last_price_fallback
2026-06-26,call,205.0,0.0,0.0,92.65,2.0,0,92.65,last_price_fallback
2026-06-26,call,210.0,0.0,0.0,85.53,1.0,0,85.53,last_price_fallback
2026-06-26,call,215.0,0.0,0.0,80.42,1.0,0,80.42,last_price_fallback
2026-06-26,call,220.0,0.0,0.0,80.34,20.0,0,80.34,last_price_fallback
2026-06-26,call,225.0,0.0,0.0,74.4,2.0,0,74.4,last_price_fallback
2026-06-26,call,230.0,0.0,0.0,69.42,3.0,0,69.42,last_price_fallback
2026-06-26,call,235.0,0.0,0.0,56.93,1.0,0,56.93,last_price_fallback
2026-06-26,call,240.0,0.0,0.0,58.38,11.0,0,58.38,last_price_fallback
2026-06-26,call,245.0,0.0,0.0,55.5,1.0,0,55.5,last_price_fallback
2026-06-26,call,250.0,0.0,0.0,48.5,173.0,0,48.5,last_price_fallback
2026-06-26,call,255.0,0.0,0.0,44.94,3.0,0,44.94,last_price_fallback
2026-06-26,call,257.5,0.0,0.0,40.16,1000.0,0,40.16,last_price_fallback
2026-06-26,call,260.0,0.0,0.0,37.7,87.0,0,37.7,last_price_fallback
2026-06-26,call,262.5,0.0,0.0,29.76,,0,29.76,last_price_fallback
2026-06-26,call,265.0,0.0,0.0,34.27,7.0,0,34.27,last_price_fallback
2026-06-26,call,267.5,0.0,0.0,31.8,2.0,0,31.8,last_price_fallback
2026-06-26,call,270.0,0.0,0.0,27.32,12.0,0,27.32,last_price_fallback
2026-06-26,call,272.5,0.0,0.0,24.86,54.0,0,24.86,last_price_fallback
2026-06-26,call,275.0,0.0,0.0,24.43,24.0,0,24.43,last_price_fallback
2026-06-26,call,277.5,0.0,0.0,23.47,7.0,0,23.47,last_price_fallback
2026-06-26,call,280.0,0.0,0.0,17.5,186.0,0,17.5,last_price_fallback
2026-06-26,call,282.5,0.0,0.0,14.96,508.0,0,14.96,last_price_fallback
2026-06-26,call,285.0,0.0,0.0,12.85,305.0,0,12.85,last_price_fallback
2026-06-26,call,287.5,0.0,0.0,10.95,1201.0,0,10.95,last_price_fallback
2026-06-26,call,290.0,0.0,0.0,8.1,2453.0,0,8.1,last_price_fallback
2026-06-26,call,292.5,0.0,0.0,6.49,1172.0,0,6.49,last_price_fallback
2026-06-26,call,295.0,0.0,0.0,4.64,1840.0,0,4.64,last_price_fallback
2026-06-26,call,297.5,0.0,0.0,3.2,1427.0,0,3.2,last_price_fallback
2026-06-26,call,300.0,0.0,0.0,2.25,11869.0,0,2.25,last_price_fallback
2026-06-26,call,302.5,0.0,0.0,1.45,8105.0,0,1.45,last_price_fallback
2026-06-26,call,305.0,0.0,0.0,0.84,12785.0,0,0.84,last_price_fallback
2026-06-26,call,307.5,0.0,0.0,0.52,4461.0,0,0.52,last_price_fallback
2026-06-26,call,310.0,0.0,0.0,0.31,7089.0,0,0.31,last_price_fallback
2026-06-26,call,312.5,0.0,0.0,0.17,2304.0,0,0.17,last_price_fallback
2026-06-26,call,315.0,0.0,0.0,0.1,8081.0,0,0.1,last_price_fallback
2026-06-26,call,317.5,0.0,0.0,0.05,2517.0,0,0.05,last_price_fallback
2026-06-26,call,320.0,0.0,0.0,0.03,6277.0,0,0.03,last_price_fallback
2026-06-26,call,322.5,0.0,0.0,0.02,1204.0,0,0.02,last_price_fallback
2026-06-26,call,325.0,0.0,0.0,0.02,1227.0,0,0.02,last_price_fallback
2026-06-26,call,327.5,0.0,0.0,0.02,128.0,0,0.02,last_price_fallback
2026-06-26,call,330.0,0.0,0.0,0.01,292.0,0,0.01,last_price_fallback
2026-06-26,call,332.5,0.0,0.0,0.01,149.0,0,0.01,last_price_fallback
2026-06-26,call,335.0,0.0,0.0,0.01,218.0,0,0.01,last_price_fallback
2026-06-26,call,337.5,0.0,0.0,0.01,67.0,0,0.01,last_price_fallback
2026-06-26,call,340.0,0.0,0.0,0.01,12.0,0,0.01,last_price_fallback
2026-06-26,call,345.0,0.0,0.0,0.01,80.0,0,0.01,last_price_fallback
2026-06-26,call,350.0,0.0,0.0,0.1,10.0,0,0.1,last_price_fallback
2026-06-26,call,355.0,0.0,0.0,0.01,2.0,0,0.01,last_price_fallback
2026-06-26,call,360.0,0.0,0.0,0.03,1.0,0,0.03,last_price_fallback
2026-06-26,call,365.0,0.0,0.0,0.01,16.0,0,0.01,last_price_fallback
2026-06-26,call,370.0,0.0,0.0,0.01,26.0,0,0.01,last_price_fallback
2026-06-26,call,375.0,0.0,0.0,0.05,2.0,0,0.05,last_price_fallback
2026-06-26,call,380.0,0.0,0.0,0.04,14.0,0,0.04,last_price_fallback
2026-06-26,call,385.0,0.0,0.0,0.05,5.0,0,0.05,last_price_fallback
2026-06-26,call,390.0,0.0,0.0,0.01,18.0,0,0.01,last_price_fallback
2026-06-26,call,395.0,0.0,0.0,0.21,1.0,0,0.21,last_price_fallback
2026-06-26,call,400.0,0.0,0.0,0.01,5.0,0,0.01,last_price_fallback
2026-06-26,put,110.0,0.0,0.0,0.01,1000.0,0,0.01,last_price_fallback
2026-06-26,put,120.0,0.0,0.0,0.01,999.0,0,0.01,last_price_fallback
2026-06-26,put,125.0,0.0,0.0,0.01,,0,0.01,last_price_fallback
2026-06-26,put,130.0,0.0,0.0,0.01,1000.0,0,0.01,last_price_fallback
2026-06-26,put,135.0,0.0,0.0,0.05,1.0,0,0.05,last_price_fallback
2026-06-26,put,140.0,0.0,0.0,0.05,2.0,0,0.05,last_price_fallback
2026-06-26,put,150.0,0.0,0.0,0.01,1.0,0,0.01,last_price_fallback
2026-06-26,put,165.0,0.0,0.0,0.01,10000.0,0,0.01,last_price_fallback
2026-06-26,put,170.0,0.0,0.0,0.01,20.0,0,0.01,last_price_fallback
2026-06-26,put,175.0,0.0,0.0,0.01,1.0,0,0.01,last_price_fallback
2026-06-26,put,180.0,0.0,0.0,0.01,1.0,0,0.01,last_price_fallback
2026-06-26,put,185.0,0.0,0.0,0.01,1.0,0,0.01,last_price_fallback
2026-06-26,put,190.0,0.0,0.0,0.04,2.0,0,0.04,last_price_fallback
2026-06-26,put,195.0,0.0,0.0,0.01,1.0,0,0.01,last_price_fallback
2026-06-26,put,200.0,0.0,0.0,0.02,2.0,0,0.02,last_price_fallback
2026-06-26,put,205.0,0.0,0.0,0.01,5.0,0,0.01,last_price_fallback
2026-06-26,put,210.0,0.0,0.0,0.02,40.0,0,0.02,last_price_fallback
2026-06-26,put,215.0,0.0,0.0,0.03,3.0,0,0.03,last_price_fallback
2026-06-26,put,220.0,0.0,0.0,0.01,81.0,0,0.01,last_price_fallback
2026-06-26,put,225.0,0.0,0.0,0.01,32.0,0,0.01,last_price_fallback
2026-06-26,put,230.0,0.0,0.0,0.01,51.0,0,0.01,last_price_fallback
2026-06-26,put,235.0,0.0,0.0,0.01,123.0,0,0.01,last_price_fallback
2026-06-26,put,240.0,0.0,0.0,0.05,5.0,0,0.05,last_price_fallback
2026-06-26,put,245.0,0.0,0.0,0.05,354.0,0,0.05,last_price_fallback
2026-06-26,put,250.0,0.0,0.0,0.01,23.0,0,0.01,last_price_fallback
2026-06-26,put,255.0,0.0,0.0,0.02,195.0,0,0.02,last_price_fallback
2026-06-26,put,257.5,0.0,0.0,0.01,1.0,0,0.01,last_price_fallback
2026-06-26,put,260.0,0.0,0.0,0.05,179.0,0,0.05,last_price_fallback
2026-06-26,put,262.5,0.0,0.0,0.06,108.0,0,0.06,last_price_fallback
2026-06-26,put,265.0,0.0,0.0,0.04,174.0,0,0.04,last_price_fallback
2026-06-26,put,267.5,0.0,0.0,0.05,342.0,0,0.05,last_price_fallback
2026-06-26,put,270.0,0.0,0.0,0.05,641.0,0,0.05,last_price_fallback
2026-06-26,put,272.5,0.0,0.0,0.07,13.0,0,0.07,last_price_fallback
2026-06-26,put,275.0,0.0,0.0,0.1,514.0,0,0.1,last_price_fallback
2026-06-26,put,277.5,0.0,0.0,0.15,1299.0,0,0.15,last_price_fallback
2026-06-26,put,280.0,0.0,0.0,0.19,1138.0,0,0.19,last_price_fallback
2026-06-26,put,282.5,0.0,0.0,0.3,372.0,0,0.3,last_price_fallback
2026-06-26,put,285.0,0.0,0.0,0.45,2381.0,0,0.45,last_price_fallback
2026-06-26,put,287.5,0.0,0.0,0.69,1589.0,0,0.69,last_price_fallback
2026-06-26,put,290.0,0.0,0.0,1.1,4635.0,0,1.1,last_price_fallback
2026-06-26,put,292.5,0.0,0.0,1.63,1839.0,0,1.63,last_price_fallback
2026-06-26,put,295.0,0.0,0.0,2.5,9114.0,0,2.5,last_price_fallback
2026-06-26,put,297.5,0.0,0.0,3.55,5365.0,0,3.55,last_price_fallback
2026-06-26,put,300.0,0.0,0.0,4.9,7252.0,0,4.9,last_price_fallback
2026-06-26,put,302.5,0.0,0.0,6.21,1085.0,0,6.21,last_price_fallback
2026-06-26,put,305.0,0.0,0.0,8.64,2344.0,0,8.64,last_price_fallback
2026-06-26,put,307.5,0.0,0.0,9.7,1714.0,0,9.7,last_price_fallback
2026-06-26,put,310.0,0.0,0.0,12.61,1450.0,0,12.61,last_price_fallback
2026-06-26,put,312.5,0.0,0.0,15.28,374.0,0,15.28,last_price_fallback
2026-06-26,put,315.0,0.0,0.0,15.87,263.0,0,15.87,last_price_fallback
2026-06-26,put,317.5,0.0,0.0,18.42,402.0,0,18.42,last_price_fallback
2026-06-26,put,320.0,0.0,0.0,21.6,337.0,0,21.6,last_price_fallback
2026-06-26,put,325.0,0.0,0.0,27.12,1.0,0,27.12,last_price_fallback
2026-06-26,put,330.0,0.0,0.0,28.15,1.0,0,28.15,last_price_fallback
2026-06-26,put,335.0,0.0,0.0,33.15,1.0,0,33.15,last_price_fallback
2026-06-26,put,340.0,0.0,0.0,50.0,200.0,0,50.0,last_price_fallback
2026-06-26,put,345.0,0.0,0.0,32.9,41.0,0,32.9,last_price_fallback
2026-06-26,put,350.0,0.0,0.0,40.7,2.0,0,40.7,last_price_fallback
2026-06-26,put,370.0,0.0,0.0,58.3,,0,58.3,last_price_fallback
2026-06-26,put,375.0,0.0,0.0,64.0,1.0,0,64.0,last_price_fallback
2026-06-26,put,380.0,0.0,0.0,68.42,,0,68.42,last_price_fallback
2026-06-29,call,220.0,0.0,0.0,78.28,,0,78.28,last_price_fallback
2026-06-29,call,230.0,0.0,0.0,69.0,2.0,0,69.0,last_price_fallback
2026-06-29,call,250.0,0.0,0.0,49.01,2.0,0,49.01,last_price_fallback
2026-06-29,call,265.0,0.0,0.0,30.66,,0,30.66,last_price_fallback
2026-06-29,call,267.5,0.0,0.0,30.5,184.0,0,30.5,last_price_fallback
2026-06-29,call,270.0,0.0,0.0,29.44,80.0,0,29.44,last_price_fallback
2026-06-29,call,272.5,0.0,0.0,24.86,120.0,0,24.86,last_price_fallback
2026-06-29,call,275.0,0.0,0.0,24.52,81.0,0,24.52,last_price_fallback
2026-06-29,call,277.5,0.0,0.0,19.98,120.0,0,19.98,last_price_fallback
2026-06-29,call,280.0,0.0,0.0,21.22,193.0,0,21.22,last_price_fallback
2026-06-29,call,282.5,0.0,0.0,18.82,192.0,0,18.82,last_price_fallback
2026-06-29,call,285.0,0.0,0.0,13.83,204.0,0,13.83,last_price_fallback
2026-06-29,call,287.5,0.0,0.0,11.58,215.0,0,11.58,last_price_fallback
2026-06-29,call,290.0,0.0,0.0,8.8,14.0,0,8.8,last_price_fallback
2026-06-29,call,292.5,0.0,0.0,10.3,1.0,0,10.3,last_price_fallback
2026-06-29,call,295.0,0.0,0.0,5.2,79.0,0,5.2,last_price_fallback
2026-06-29,call,297.5,0.0,0.0,3.73,259.0,0,3.73,last_price_fallback
2026-06-29,call,300.0,0.0,0.0,2.61,656.0,0,2.61,last_price_fallback
2026-06-29,call,302.5,0.0,0.0,1.8,330.0,0,1.8,last_price_fallback
2026-06-29,call,305.0,0.0,0.0,1.17,875.0,0,1.17,last_price_fallback
2026-06-29,call,307.5,0.0,0.0,0.74,276.0,0,0.74,last_price_fallback
2026-06-29,call,310.0,0.0,0.0,0.53,418.0,0,0.53,last_price_fallback
2026-06-29,call,312.5,0.0,0.0,0.3,209.0,0,0.3,last_price_fallback
2026-06-29,call,315.0,0.0,0.0,0.19,157.0,0,0.19,last_price_fallback
2026-06-29,call,317.5,0.0,0.0,0.14,141.0,0,0.14,last_price_fallback
2026-06-29,call,320.0,0.0,0.0,0.06,142.0,0,0.06,last_price_fallback
2026-06-29,call,322.5,0.0,0.0,0.07,8.0,0,0.07,last_price_fallback
2026-06-29,call,325.0,0.0,0.0,0.07,5.0,0,0.07,last_price_fallback
2026-06-29,call,327.5,0.0,0.0,0.04,12.0,0,0.04,last_price_fallback
2026-06-29,call,330.0,0.0,0.0,0.03,50.0,0,0.03,last_price_fallback
2026-06-29,call,335.0,0.0,0.0,0.07,12.0,0,0.07,last_price_fallback
2026-06-29,call,340.0,0.0,0.0,0.06,1.0,0,0.06,last_price_fallback
2026-06-29,put,210.0,0.0,0.0,0.01,2.0,0,0.01,last_price_fallback
2026-06-29,put,250.0,0.0,0.0,0.1,3.0,0,0.1,last_price_fallback
2026-06-29,put,255.0,0.0,0.0,0.01,8.0,0,0.01,last_price_fallback
2026-06-29,put,260.0,0.0,0.0,0.1,7.0,0,0.1,last_price_fallback
2026-06-29,put,262.5,0.0,0.0,0.09,1.0,0,0.09,last_price_fallback
2026-06-29,put,265.0,0.0,0.0,0.05,12.0,0,0.05,last_price_fallback
2026-06-29,put,267.5,0.0,0.0,0.14,2.0,0,0.14,last_price_fallback
2026-06-29,put,270.0,0.0,0.0,0.1,9.0,0,0.1,last_price_fallback
2026-06-29,put,272.5,0.0,0.0,0.15,1.0,0,0.15,last_price_fallback
2026-06-29,put,275.0,0.0,0.0,0.04,4.0,0,0.04,last_price_fallback
2026-06-29,put,277.5,0.0,0.0,0.2,4.0,0,0.2,last_price_fallback
2026-06-29,put,280.0,0.0,0.0,0.29,110.0,0,0.29,last_price_fallback
2026-06-29,put,282.5,0.0,0.0,0.47,21.0,0,0.47,last_price_fallback
2026-06-29,put,285.0,0.0,0.0,0.6,67.0,0,0.6,last_price_fallback
2026-06-29,put,287.5,0.0,0.0,0.92,62.0,0,0.92,last_price_fallback
2026-06-29,put,290.0,0.0,0.0,1.4,332.0,0,1.4,last_price_fallback
2026-06-29,put,292.5,0.0,0.0,1.99,100.0,0,1.99,last_price_fallback
2026-06-29,put,295.0,0.0,0.0,2.85,1436.0,0,2.85,last_price_fallback
2026-06-29,put,297.5,0.0,0.0,4.05,510.0,0,4.05,last_price_fallback
2026-06-29,put,300.0,0.0,0.0,5.1,314.0,0,5.1,last_price_fallback
2026-06-29,put,302.5,0.0,0.0,6.3,78.0,0,6.3,last_price_fallback
2026-06-29,put,305.0,0.0,0.0,7.65,65.0,0,7.65,last_price_fallback
2026-06-29,put,307.5,0.0,0.0,10.53,17.0,0,10.53,last_price_fallback
2026-06-29,put,310.0,0.0,0.0,11.0,32.0,0,11.0,last_price_fallback
2026-06-29,put,312.5,0.0,0.0,16.19,,0,16.19,last_price_fallback
2026-06-29,put,315.0,0.0,0.0,17.67,164.0,0,17.67,last_price_fallback
2026-06-29,put,317.5,0.0,0.0,20.04,164.0,0,20.04,last_price_fallback
2026-06-29,put,320.0,0.0,0.0,20.67,16.0,0,20.67,last_price_fallback
